{"cameraMode":{"drawMode":0,"name":"Shaded","section":"Shading Mode"},"sceneLighting":false,"audioPlay":false,"sceneViewState":{"m_AlwaysRefresh":false,"showFog":true,"showSkybox":false,"showFlares":true,"showImageEffects":true,"showParticleSystems":true,"showVisualEffectGraphs":true,"m_FxEnabled":true},"in2DMode":false,"pivot":{"x":-5.2720441818237309,"y":-0.19816625118255616,"z":-0.8985520601272583},"rotation":{"x":-0.16601325571537019,"y":-0.8330004215240479,"z":0.3950227200984955,"w":-0.35006725788116457},"size":0.9228718280792236,"orthographic":false}